variant,country,country_name,base_year,year,n,intercept,slope,slope_lo,slope_hi,r2
goods_and_services,GBR,UK,1989,2019,68,-0.1152,0.6081,0.4286,0.7876,0.4093
goods_and_services,GBR,UK,1989,2024,68,-0.1776,0.582,0.3918,0.7723,0.3611
goods_and_services,USA,US,1989,2019,68,0.021,0.5349,0.3771,0.6927,0.4096
goods_and_services,USA,US,1989,2024,68,-0.0002,0.4758,0.2948,0.6569,0.2944
goods_and_services,DEU,Germany,1989,2019,68,0.0459,0.7768,0.6232,0.9304,0.607
goods_and_services,DEU,Germany,1989,2024,68,0.0447,0.7551,0.5894,0.9208,0.5565
goods_and_services,FRA,France,1989,2019,68,0.0009,0.7784,0.613,0.9439,0.5722
goods_and_services,FRA,France,1989,2024,68,0.0192,0.7648,0.584,0.9455,0.5195
goods_and_services,ITA,Italy,1989,2019,68,0.1254,0.7434,0.577,0.9099,0.5464
goods_and_services,ITA,Italy,1989,2024,68,0.1486,0.7233,0.551,0.8956,0.5157
goods_and_services,JPN,Japan,1989,2019,63,0.031,0.8568,0.7308,0.9827,0.7519
goods_and_services,JPN,Japan,1989,2024,63,0.0339,0.8234,0.6866,0.9603,0.7036
goods_and_services,CAN,Canada,1989,2019,68,0.1385,0.7536,0.6091,0.8981,0.6215
goods_and_services,CAN,Canada,1989,2024,68,0.1148,0.7352,0.5804,0.8899,0.5768
goods_only,GBR,UK,1989,2019,64,-0.114,0.5847,0.3988,0.7707,0.3893
goods_only,GBR,UK,1989,2024,64,-0.1337,0.5638,0.3656,0.762,0.3427
goods_only,USA,US,1989,2019,64,-0.0125,0.5371,0.3808,0.6935,0.4321
goods_only,USA,US,1989,2024,64,-0.0522,0.4736,0.2947,0.6524,0.3112
goods_only,DEU,Germany,1989,2019,64,-0.0195,0.7727,0.6164,0.929,0.6117
goods_only,DEU,Germany,1989,2024,64,-0.0201,0.7576,0.5908,0.9244,0.5708
goods_only,FRA,France,1989,2019,64,-0.0258,0.7909,0.6211,0.9606,0.5832
goods_only,FRA,France,1989,2024,64,0.004,0.7742,0.5867,0.9617,0.5235
goods_only,ITA,Italy,1989,2019,64,0.0617,0.733,0.5728,0.8932,0.5743
goods_only,ITA,Italy,1989,2024,64,0.0704,0.7074,0.5418,0.873,0.5404
goods_only,JPN,Japan,1989,2019,63,0.0385,0.8707,0.7359,1.0056,0.732
goods_only,JPN,Japan,1989,2024,63,0.0346,0.8374,0.692,0.9829,0.6848
goods_only,CAN,Canada,1989,2019,64,0.0841,0.7392,0.593,0.8854,0.6222
goods_only,CAN,Canada,1989,2024,64,0.0544,0.7121,0.5557,0.8684,0.5722
